{
  "current": {
    "sections": {
      "announcement-bar": {
        "type": "announcement-bar",
        "blocks": {
          "announcement-bar-0": {
            "type": "announcement",
            "settings": {
              "color_scheme": "background-1"
            }
          }
        },
        "block_order": [
          "announcement-bar-0"
        ]
      },
      "header": {
        "type": "header",
        "settings": {
          "logo_width": 90
        }
      },
      "footer": {
        "type": "footer",
        "blocks": {
          "footer-0": {
            "type": "link_list"
          },
          "footer-1": {
            "type": "link_list",
            "settings": {
              "heading": "Info"
            }
          },
          "footer-2": {
            "type": "text",
            "settings": {
              "heading": "Our mission"
            }
          }
        },
        "block_order": [
          "footer-0",
          "footer-1",
          "footer-2"
        ],
        "settings": {
          "show_social": true,
          "enable_country_selector": false,
          "enable_language_selector": false,
          "margin_top": 48
        }
      },
      "main-password-header": {
        "type": "main-password-header"
      },
      "main-password-footer": {
        "type": "main-password-footer"
      }
    }
  }
}
