product_title,handle,image_filename,image_alt_text,product_type,vendor,status,price_zar,compare_at_price_zar,tags,assigned_collections,short_description,bullet_highlights
Adjustable Drawer Divider Set,adjustable-drawer-divider-set,product-adjustable-drawer-divider-set.jpg,"Adjustable drawer divider set for organised drawers",Home Organisation,Get Yours,Draft,149,,"drawer dividers;storage;home organisation","Featured Practical Finds;Best Sellers;Home Organisation","Adjustable dividers for neater drawers in bedrooms, kitchens or offices.","Expandable fit|Easy drawer organisation|Useful for clothing utensils and accessories"
Modular Fridge Storage Bins,modular-fridge-storage-bins,product-modular-fridge-storage-bins.jpg,"Modular fridge storage bins arranged on a shelf",Kitchen & Storage,Get Yours,Draft,199,,"fridge storage;kitchen;organisation","Featured Practical Finds;New Arrivals;Kitchen & Storage","Storage bins for organising fridge shelves and pantry spaces.","Modular storage|Easy visibility|Useful for snacks produce and pantry items"
Under-Shelf Wire Storage Basket,under-shelf-wire-storage-basket,product-under-shelf-wire-storage-basket.jpg,"Under-shelf wire basket for extra storage",Home Organisation,Get Yours,Draft,129,,"wire basket;shelf storage;home organisation","Featured Practical Finds;Best Sellers;Home Organisation;Kitchen & Storage","A simple under-shelf basket for adding storage without drilling.","Slides under shelves|Good for kitchens and cupboards|Lightweight wire design"
Gray Fabric Storage Boxes,gray-fabric-storage-boxes,product-gray-fabric-storage-boxes-with-folded-clothing.jpg,"Gray fabric storage boxes with folded clothing",Home Organisation,Get Yours,Draft,175,,"fabric storage;boxes;home organisation","Home Organisation;Lifestyle","Soft fabric boxes for wardrobes, shelves and general tidy-up storage.","Foldable design|Neutral grey finish|Useful for clothing toys and linen"
Beige Linen Storage Bags,beige-linen-storage-bags,product-beige-linen-storage-bags.jpg,"Beige linen storage bags for home organisation",Home Organisation,Get Yours,Draft,149,,"linen bags;storage;home organisation","Home Organisation;Lifestyle","Light storage bags for seasonal clothing, bedding and household items.","Soft sided storage|Neutral beige colour|Easy to move and store"
Bamboo Desk Organizer,bamboo-desk-organizer,product-bamboo-desk-organiser.jpg,"Bamboo desk organiser with compartments",Office & Desk,Get Yours,Draft,199,,"desk organiser;bamboo;office","Office & Desk Essentials;Featured Practical Finds","A compact desktop organiser for pens, notes and everyday stationery.","Natural bamboo look|Multiple compartments|Keeps desktop items grouped"
Minimalist Desk Organizer,minimalist-desk-organizer,product-minimalist-desk-organiser.jpg,"Minimalist desk organiser on a clean workspace",Office & Desk,Get Yours,Draft,129,,"desk organiser;office;study","Office & Desk Essentials;New Arrivals","A clean desk organiser for small office and study essentials.","Compact footprint|Simple neutral styling|Useful for stationery and small tools"
Ergonomic Aluminium Laptop Stand,ergonomic-aluminium-laptop-stand,product-ergonomic-aluminium-laptop-stand.jpg,"Ergonomic aluminium laptop stand on a desk",Office & Desk,Get Yours,Draft,289,399,"laptop stand;office;desk","Best Sellers;Office & Desk Essentials","A sturdy laptop stand for raising screens during work or study.","Raises laptop height|Ventilated open design|Suitable for home office setups"
Adjustable Metal Laptop Stand,adjustable-metal-laptop-stand,product-adjustable-metal-laptop-stand.jpg,"Adjustable metal laptop stand folded on a desk",Office & Desk,Get Yours,Draft,249,,"laptop stand;adjustable;office","Office & Desk Essentials;Tech Accessories","An adjustable stand for flexible laptop positioning at a desk.","Adjustable viewing angle|Foldable design|Useful for work study and calls"
Sleek Metal Tablet Stand,sleek-metal-tablet-stand,product-sleek-metal-tablet-stand.jpg,"Sleek metal tablet stand holding a tablet",Tech Accessories,Get Yours,Draft,129,,"tablet stand;tech accessories;desk","Office & Desk Essentials;Tech Accessories","A compact metal stand for tablets, phones and small screens.","Desk-friendly size|Stable metal frame|Good for video calls and recipes"
Desk Cable Organiser,desk-cable-organiser,product-desk-cable-organiser.jpg,"Desk cable organiser for tidy charging cables",Tech Accessories,Get Yours,Draft,79,,"cable organiser;desk;tech accessories","Featured Practical Finds;Best Sellers;Office & Desk Essentials;Tech Accessories","A simple cable organiser for keeping charging cables within reach.","Reduces cable clutter|Compact desk accessory|Useful for chargers and headphones"
Tech Organizer Case,tech-organizer-case,product-tech-organiser.jpg,"Tech organiser case with cables and accessories",Tech Accessories,Get Yours,Draft,149,,"tech case;cables;travel","Tech Accessories;Travel;New Arrivals","A zip case for carrying cables, chargers and everyday tech accessories.","Multiple pockets|Travel friendly|Keeps small tech items together"
Travel Pouch Set,travel-pouch-set,product-travel-pouch-set.jpg,"Travel pouch set for packing small items",Travel,Get Yours,Draft,175,,"travel pouches;packing;organiser","Travel;Lifestyle;Featured Practical Finds","A practical pouch set for packing toiletries, cables or daily essentials.","Multiple pouch sizes|Useful for trips and errands|Keeps bag contents grouped"
Travel Toiletry Organizer,travel-toiletry-organizer,product-minimalist-travel-toiletry-set.jpg,"Minimalist travel toiletry organiser set",Travel,Get Yours,Draft,199,,"toiletry organiser;travel;bag","Travel;Best Sellers","A compartment organiser for toiletries and small travel essentials.","Multiple compartments|Easy to pack|Useful for weekend trips"
Pantry Glass Jar Set,pantry-glass-jar-set,product-minimalist-pantry-jars.jpg,"Minimalist pantry glass jar set on a kitchen shelf",Kitchen & Storage,Get Yours,Draft,249,,"glass jars;pantry;kitchen storage","Kitchen & Storage;Home Organisation","A clean jar set for pantry staples and kitchen shelf organisation.","Clear jar design|Good for dry goods|Helps pantry shelves look tidy"
Kitchen Sink Organizer,kitchen-sink-organizer,product-modern-kitchen-sink-organiser.jpg,"Modern kitchen sink organiser holding everyday sink items",Kitchen & Storage,Get Yours,Draft,99,,"sink organiser;kitchen;storage","Kitchen & Storage;Featured Practical Finds","A compact organiser for sponge, brush and sink-side essentials.","Keeps sink area tidy|Small footprint|Useful for everyday cleaning tools"
Rolling Storage Cart,rolling-storage-cart,product-rolling-storage-cart-display.jpg,"Rolling storage cart with household items",Home Organisation,Get Yours,Draft,399,,"storage cart;home organisation;rolling cart","Home Organisation;Best Sellers;Lifestyle","A rolling cart for flexible storage in kitchens, bathrooms or workspaces.","Wheeled storage|Multi-tier design|Useful in compact spaces"
Jewelry Organizer Box,jewelry-organizer-box,product-elegant-jewellery-box.jpg,"Elegant jewellery organiser box with compartments",Lifestyle,Get Yours,Draft,175,,"jewelry organiser;storage;lifestyle","Lifestyle;Home Organisation","A small organiser box for jewellery and accessories.","Compartment storage|Compact dresser size|Helps separate small accessories"
Laundry Hamper,laundry-hamper,product-beige-laundry-hamper.jpg,"Beige laundry hamper for bedroom or bathroom",Home Organisation,Get Yours,Draft,199,,"laundry hamper;home organisation;storage","Home Organisation;Lifestyle","A simple laundry hamper for bedrooms, bathrooms or laundry areas.","Neutral styling|Easy everyday storage|Useful for clothing and linen"
Bathroom Wall Shelf Organizer,bathroom-wall-shelf-organizer,product-minimalist-bathroom-shelving.jpg,"Minimalist bathroom shelving for toiletries",Home Organisation,Get Yours,Draft,149,,"bathroom shelf;wall organiser;storage","Home Organisation;Lifestyle","A wall shelf organiser for toiletries and small bathroom essentials.","Wall storage|Good for compact bathrooms|Keeps essentials visible"
