collection_title,handle,description,intended_homepage_section_usage,suggested_image,collection_type
Featured Practical Finds,featured-practical-finds,"Simple, useful products selected for everyday value.","Featured Practical Finds product rail",pending,manual
New Arrivals,new-arrivals,"Fresh everyday finds recently added to Get Yours.","New Arrivals product rail",pending,manual
Best Sellers,best-sellers,"Popular practical picks for home, desk, travel and everyday use.","Best Sellers product rail",pending,manual
Home Organisation,home-organisation,"Storage and organising finds for a calmer, tidier home.","Home Organisation Picks rail and category grid",pending,manual
Office & Desk Essentials,office-desk-essentials,"Practical desk upgrades for work, study and home office.","Office & Desk Essentials rail and category grid",hero-office-desk.jpg,manual
Kitchen & Storage,kitchen-storage,"Useful kitchen storage, pantry and sink organisation products.","Category grid",pending,manual
Lifestyle,lifestyle,"Everyday useful essentials for routines, errands and simple living.","Category grid",pending,manual
Travel,travel,"Compact travel and daily carry organisers for errands and trips.","Category grid and hero travel tile",hero-travel-accessories-candidate.jpg,manual
Tech Accessories,tech-accessories,"Simple add-ons for cables, devices and everyday tech carry.","Category grid",pending,manual
